,Column,Missing Counts,Percentage
6,occupation,1843,5.660145572924664
1,workclass,1836,5.638647461687294
13,native-country,583,1.7904855501980899
