,Column,Q1,Q3,IQR,Lower_Bound,Upper_Bound,Outlier_Count,Outlier_Percentage
0,age,28.0,48.0,20.0,-2.0,78.0,32561,100.0
1,fnlwgt,117827.0,237051.0,119224.0,-61009.0,415887.0,32561,100.0
2,education-num,9.0,12.0,3.0,4.5,16.5,32561,100.0
3,capital-gain,0.0,0.0,0.0,0.0,0.0,2712,8.328982525106724
4,capital-loss,0.0,0.0,0.0,0.0,0.0,1519,4.66509013850926
5,hours-per-week,40.0,45.0,5.0,32.5,52.5,32561,100.0
